{
  "GetEntityValues" : {
    "_id" : "wm-getEntityValues-wm.ServiceVariable-1595495432733",
    "name" : "GetEntityValues",
    "owner" : "Page",
    "category" : "wm.ServiceVariable",
    "dataBinding" : [ {
      "isList" : true,
      "target" : "entities",
      "value" : "bind:entities",
      "type" : "string"
    }, {
      "target" : "documentURL",
      "value" : "bind:url",
      "type" : "string"
    } ],
    "type" : "string",
    "service" : "FieldsExtractionService",
    "operation" : "getEntityValues",
    "operationId" : "FieldsExtractionController_getEntityValues",
    "operationType" : "get",
    "serviceType" : "JavaService",
    "dataSet" : [ ],
    "isList" : false,
    "maxResults" : 20,
    "startUpdate" : false,
    "autoUpdate" : false,
    "inFlightBehavior" : "executeLast",
    "transformationRequired" : false,
    "saveInPhonegap" : false,
    "controller" : "FieldsExtraction",
    "spinnerContext" : "page",
    "spinnerMessage" : "Extracting info"
  },
  "supportedLocale" : {
    "_id" : "wm-wm.Variable1402640443182",
    "name" : "supportedLocale",
    "owner" : "Page",
    "category" : "wm.Variable",
    "dataSet" : {
      "en" : "English"
    },
    "type" : "string",
    "isList" : false,
    "saveInPhonegap" : false
  }
}