{
  "description" : null,
  "methods" : {
    "getEntityValues" : [ {
      "url" : {
        "value" : "/entityValues",
        "modified" : false
      },
      "method" : {
        "value" : "GET",
        "modified" : false
      },
      "accessSpecifier" : "APP_ONLY",
      "parameters" : {
        "entities" : {
          "name" : {
            "value" : "entities",
            "modified" : false
          },
          "in" : {
            "value" : "QUERY",
            "modified" : false
          },
          "required" : {
            "value" : false,
            "modified" : false
          }
        },
        "documentURL" : {
          "name" : {
            "value" : "documentURL",
            "modified" : false
          },
          "in" : {
            "value" : "QUERY",
            "modified" : false
          },
          "required" : {
            "value" : false,
            "modified" : false
          }
        }
      }
    } ]
  }
}