<?xml version="1.0" encoding="UTF-8" standalone="yes"?>
<beans xsi:schemaLocation="http://www.springframework.org/schema/beans http://www.springframework.org/schema/beans/spring-beans.xsd http://www.springframework.org/schema/mvc http://www.springframework.org/schema/mvc/spring-mvc.xsd http://www.springframework.org/schema/context http://www.springframework.org/schema/context/spring-context.xsd http://www.springframework.org/schema/tx http://www.springframework.org/schema/tx/spring-tx.xsd http://www.springframework.org/schema/security http://www.springframework.org/schema/security/spring-security.xsd" xmlns="http://www.springframework.org/schema/beans" xmlns:security="http://www.springframework.org/schema/security" xmlns:xsi="http://www.w3.org/2001/XMLSchema-instance">
    <import resource="classpath:springapp.xml"/>
    <import resource="classpath:project-rest-service.xml"/>
    <import resource="classpath:prefab-dispatcher-servlet.xml"/>
    <import resource="classpath:prefab-services.xml"/>

    
    <bean class="com.wavemaker.runtime.data.spring.WMPropertyPlaceholderConfigurer" id="prefabPropertiesPlaceHolderConfigurer">
        <property name="ignoreResourceNotFound" value="true"/>
        <property name="ignoreUnresolvablePlaceholders" value="true"/>
        <property name="locations">
            <list>
                <value>classpath:prefabProperties.properties</value>
                <value>classpath:prefab-app.properties</value>
            </list>
        </property>
        <property name="systemPropertiesModeName" value="SYSTEM_PROPERTIES_MODE_OVERRIDE"/>
        <property name="searchSystemEnvironment" value="true"/>
    </bean>
</beans>